"X","X_id","genre"
4489,"ObjectId(5714dec325ac0d8aee381670)","Tech house"
20989,"ObjectId(5714dec325ac0d8aee3856e4)","House music"
21451,"ObjectId(5714dec325ac0d8aee3858b2)","Acid house"
21451,"ObjectId(5714dec325ac0d8aee3858b2)","UK hard house"
22184,"ObjectId(5714dec325ac0d8aee385b8f)","House music"
28537,"ObjectId(5714dec325ac0d8aee387460)","Progressive house"
28550,"ObjectId(5714dec325ac0d8aee38746d)","Progressive house"
28575,"ObjectId(5714dec325ac0d8aee387486)","Progressive house"
45383,"ObjectId(5714dec425ac0d8aee38b62e)","Progressive house"
45398,"ObjectId(5714dec425ac0d8aee38b63d)","Progressive house"
45448,"ObjectId(5714dec425ac0d8aee38b66f)","Progressive house"
45496,"ObjectId(5714dec425ac0d8aee38b69f)","Progressive house"
52288,"ObjectId(5714dec425ac0d8aee38d127)","Progressive house"
52302,"ObjectId(5714dec425ac0d8aee38d135)","Progressive house"
52303,"ObjectId(5714dec425ac0d8aee38d136)","Progressive house"
63729,"ObjectId(5714dec425ac0d8aee38fdd8)","Deep house"
67477,"ObjectId(5714dec425ac0d8aee390c7c)","Microhouse"
68245,"ObjectId(5714dec425ac0d8aee390f7c)","House music"
68261,"ObjectId(5714dec425ac0d8aee390f8c)","House music"
68262,"ObjectId(5714dec425ac0d8aee390f8d)","House music"
68267,"ObjectId(5714dec425ac0d8aee390f92)","House music"
103945,"ObjectId(5714dec525ac0d8aee399af0)","House music"
122552,"ObjectId(5714dec525ac0d8aee39e39f)","House music"
122573,"ObjectId(5714dec525ac0d8aee39e3b4)","House music"
123104,"ObjectId(5714dec525ac0d8aee39e5c7)","Progressive house"
128634,"ObjectId(5714dec525ac0d8aee39fb5e)","House music"
136029,"ObjectId(5714dec525ac0d8aee3a183e)","House music"
136039,"ObjectId(5714dec525ac0d8aee3a1848)","House music"
136118,"ObjectId(5714dec525ac0d8aee3a1897)","House music"
139182,"ObjectId(5714dec525ac0d8aee3a248f)","House music"
140227,"ObjectId(5714dec525ac0d8aee3a28a4)","Tech house"
141038,"ObjectId(5714dec525ac0d8aee3a2bcf)","House music"
146125,"ObjectId(5714dec625ac0d8aee3a3fae)","Progressive house"
146135,"ObjectId(5714dec625ac0d8aee3a3fb8)","House music"
146136,"ObjectId(5714dec625ac0d8aee3a3fb9)","House music"
146140,"ObjectId(5714dec625ac0d8aee3a3fbd)","Progressive house"
146148,"ObjectId(5714dec625ac0d8aee3a3fc5)","House music"
146149,"ObjectId(5714dec625ac0d8aee3a3fc6)","Progressive house"
146150,"ObjectId(5714dec625ac0d8aee3a3fc7)","House music"
146151,"ObjectId(5714dec625ac0d8aee3a3fc8)","Progressive house"
146152,"ObjectId(5714dec625ac0d8aee3a3fc9)","Progressive house"
146166,"ObjectId(5714dec625ac0d8aee3a3fd7)","House music"
146167,"ObjectId(5714dec625ac0d8aee3a3fd8)","Progressive house"
146169,"ObjectId(5714dec625ac0d8aee3a3fda)","House music"
146170,"ObjectId(5714dec625ac0d8aee3a3fdb)","Progressive house"
146171,"ObjectId(5714dec625ac0d8aee3a3fdc)","Progressive house"
146178,"ObjectId(5714dec625ac0d8aee3a3fe3)","Progressive house"
146180,"ObjectId(5714dec625ac0d8aee3a3fe5)","Progressive house"
146181,"ObjectId(5714dec625ac0d8aee3a3fe6)","Progressive house"
146186,"ObjectId(5714dec625ac0d8aee3a3feb)","Progressive house"
146187,"ObjectId(5714dec625ac0d8aee3a3fec)","Progressive house"
146188,"ObjectId(5714dec625ac0d8aee3a3fed)","House music"
146557,"ObjectId(5714dec625ac0d8aee3a415e)","Ambient house"
146557,"ObjectId(5714dec625ac0d8aee3a415e)","Progressive house"
148491,"ObjectId(5714dec625ac0d8aee3a48ec)","Progressive house"
148537,"ObjectId(5714dec625ac0d8aee3a491a)","Progressive house"
148539,"ObjectId(5714dec625ac0d8aee3a491c)","Progressive house"
160926,"ObjectId(5714dec625ac0d8aee3a797f)","House music"
162412,"ObjectId(5714dec625ac0d8aee3a7f4d)","House music"
162412,"ObjectId(5714dec625ac0d8aee3a7f4d)","Progressive house"
162528,"ObjectId(5714dec625ac0d8aee3a7fc1)","House music"
162528,"ObjectId(5714dec625ac0d8aee3a7fc1)","Progressive house"
162540,"ObjectId(5714dec625ac0d8aee3a7fcd)","House music"
162540,"ObjectId(5714dec625ac0d8aee3a7fcd)","Progressive house"
162582,"ObjectId(5714dec625ac0d8aee3a7ff7)","House music"
162582,"ObjectId(5714dec625ac0d8aee3a7ff7)","Progressive house"
172304,"ObjectId(5714dec625ac0d8aee3aa5f1)","House music"
172636,"ObjectId(5714dec625ac0d8aee3aa73d)","House music"
172721,"ObjectId(5714dec625ac0d8aee3aa792)","House music"
172774,"ObjectId(5714dec625ac0d8aee3aa7c7)","House music"
173239,"ObjectId(5714dec625ac0d8aee3aa998)","House music"
178667,"ObjectId(5714dec625ac0d8aee3abecc)","House music"
185712,"ObjectId(5714dec625ac0d8aee3ada51)","Latin house"
185721,"ObjectId(5714dec625ac0d8aee3ada5a)","Latin house"
187974,"ObjectId(5714dec625ac0d8aee3ae327)","Deep house"
187975,"ObjectId(5714dec625ac0d8aee3ae328)","House music"
201140,"ObjectId(5714dec725ac0d8aee3b1695)","House music"
205223,"ObjectId(5714dec725ac0d8aee3b2688)","House music"
217876,"ObjectId(5714dec725ac0d8aee3b57f5)","House music"
217986,"ObjectId(5714dec725ac0d8aee3b5863)","Tribal house"
217998,"ObjectId(5714dec725ac0d8aee3b586f)","Tribal house"
220271,"ObjectId(5714dec725ac0d8aee3b6150)","House music"
230329,"ObjectId(5714dec725ac0d8aee3b889a)","House music"
230344,"ObjectId(5714dec725ac0d8aee3b88a9)","House music"
230407,"ObjectId(5714dec725ac0d8aee3b88e8)","House music"
230414,"ObjectId(5714dec725ac0d8aee3b88ef)","House music"
231139,"ObjectId(5714dec725ac0d8aee3b8bc4)","House music"
231140,"ObjectId(5714dec725ac0d8aee3b8bc5)","House music"
242103,"ObjectId(5714dec825ac0d8aee3bb698)","House music"
242116,"ObjectId(5714dec825ac0d8aee3bb6a5)","House music"
242143,"ObjectId(5714dec825ac0d8aee3bb6c0)","House music"
242155,"ObjectId(5714dec825ac0d8aee3bb6cc)","House music"
246415,"ObjectId(5714dec825ac0d8aee3bc770)","House music"
249114,"ObjectId(5714dec825ac0d8aee3bd1fb)","House music"
249157,"ObjectId(5714dec825ac0d8aee3bd226)","House music"
249266,"ObjectId(5714dec825ac0d8aee3bd293)","House music"
252439,"ObjectId(5714dec825ac0d8aee3bdef8)","House music"
252443,"ObjectId(5714dec825ac0d8aee3bdefc)","House music"
253782,"ObjectId(5714dec825ac0d8aee3be437)","House music"
255898,"ObjectId(5714dec825ac0d8aee3bec7b)","House music"
259994,"ObjectId(5714dec825ac0d8aee3bfc7b)","House music"
261748,"ObjectId(5714dec825ac0d8aee3c0355)","Deep house"
268678,"ObjectId(5714dec825ac0d8aee3c1e64)","House music"
269805,"ObjectId(5714dec825ac0d8aee3c22cb)","Deep house"
273531,"ObjectId(5714dec825ac0d8aee3c3159)","Tech house"
297715,"ObjectId(5714dec925ac0d8aee3c8fd1)","House music"
297731,"ObjectId(5714dec925ac0d8aee3c8fe1)","Progressive house"
297735,"ObjectId(5714dec925ac0d8aee3c8fe5)","Progressive house"
297739,"ObjectId(5714dec925ac0d8aee3c8fe9)","Progressive house"
297741,"ObjectId(5714dec925ac0d8aee3c8feb)","Progressive house"
297763,"ObjectId(5714dec925ac0d8aee3c9001)","Deep house"
307619,"ObjectId(5714dec925ac0d8aee3cb67b)","House music"
307628,"ObjectId(5714dec925ac0d8aee3cb684)","House music"
316007,"ObjectId(5714dec925ac0d8aee3cd73f)","House music"
320686,"ObjectId(5714dec925ac0d8aee3ce986)","House music"
320720,"ObjectId(5714dec925ac0d8aee3ce9a8)","House music"
322824,"ObjectId(5714dec925ac0d8aee3cf1e0)","House music"
327737,"ObjectId(5714dec925ac0d8aee3d0511)","House music"
328785,"ObjectId(5714dec925ac0d8aee3d0929)","House music"
328877,"ObjectId(5714dec925ac0d8aee3d0985)","Deep house"
328882,"ObjectId(5714dec925ac0d8aee3d098a)","House music"
340276,"ObjectId(5714deca25ac0d8aee3d360c)","House music"
340381,"ObjectId(5714deca25ac0d8aee3d3675)","House music"
340445,"ObjectId(5714deca25ac0d8aee3d36b5)","Tech house"
342570,"ObjectId(5714deca25ac0d8aee3d3f02)","Progressive house"
350393,"ObjectId(5714deca25ac0d8aee3d5d91)","Deep house"
350482,"ObjectId(5714deca25ac0d8aee3d5dea)","Deep house"
350502,"ObjectId(5714deca25ac0d8aee3d5dfe)","Deep house"
350541,"ObjectId(5714deca25ac0d8aee3d5e25)","House music"
350612,"ObjectId(5714deca25ac0d8aee3d5e6c)","Deep house"
350612,"ObjectId(5714deca25ac0d8aee3d5e6c)","House music"
356832,"ObjectId(5714deca25ac0d8aee3d76b8)","House music"
356876,"ObjectId(5714deca25ac0d8aee3d76e4)","House music"
356922,"ObjectId(5714deca25ac0d8aee3d7712)","House music"
356924,"ObjectId(5714deca25ac0d8aee3d7714)","House music"
369745,"ObjectId(5714deca25ac0d8aee3da929)","House music"
369762,"ObjectId(5714deca25ac0d8aee3da93a)","Deep house"
369762,"ObjectId(5714deca25ac0d8aee3da93a)","House music"
369763,"ObjectId(5714deca25ac0d8aee3da93b)","House music"
388330,"ObjectId(5714deca25ac0d8aee3df1c2)","Tropical house"
388330,"ObjectId(5714deca25ac0d8aee3df1c2)","Deep house"
398819,"ObjectId(5714decb25ac0d8aee3e1abb)","House music"
406682,"ObjectId(5714decb25ac0d8aee3e3972)","Deep house"
410031,"ObjectId(5714decb25ac0d8aee3e4687)","House music"
410039,"ObjectId(5714decb25ac0d8aee3e468f)","House music"
410066,"ObjectId(5714decb25ac0d8aee3e46aa)","House music"
414131,"ObjectId(5714decb25ac0d8aee3e568b)","Acid house"
416982,"ObjectId(5714decb25ac0d8aee3e61ae)","House music"
421504,"ObjectId(5714decb25ac0d8aee3e7358)","Acid house"
421504,"ObjectId(5714decb25ac0d8aee3e7358)","House music"
421507,"ObjectId(5714decb25ac0d8aee3e735b)","House music"
421520,"ObjectId(5714decb25ac0d8aee3e7368)","House music"
421529,"ObjectId(5714decb25ac0d8aee3e7371)","French house"
421545,"ObjectId(5714decb25ac0d8aee3e7381)","House (musique)"
421546,"ObjectId(5714decb25ac0d8aee3e7382)","House music"
421547,"ObjectId(5714decb25ac0d8aee3e7383)","House music"
421553,"ObjectId(5714decb25ac0d8aee3e7389)","House music"
421556,"ObjectId(5714decb25ac0d8aee3e738c)","Acid house"
421556,"ObjectId(5714decb25ac0d8aee3e738c)","House music"
421562,"ObjectId(5714decb25ac0d8aee3e7392)","House music"
421564,"ObjectId(5714decb25ac0d8aee3e7394)","House music"
421565,"ObjectId(5714decb25ac0d8aee3e7395)","House music"
421566,"ObjectId(5714decb25ac0d8aee3e7396)","House (musique)"
421623,"ObjectId(5714decb25ac0d8aee3e73cf)","Acid house"
421623,"ObjectId(5714decb25ac0d8aee3e73cf)","House music"
421624,"ObjectId(5714decb25ac0d8aee3e73d0)","House music"
421632,"ObjectId(5714decb25ac0d8aee3e73d8)","House music"
421641,"ObjectId(5714decb25ac0d8aee3e73e1)","French house"
427112,"ObjectId(5714decb25ac0d8aee3e8940)","House music"
427122,"ObjectId(5714decb25ac0d8aee3e894a)","House music"
427174,"ObjectId(5714decb25ac0d8aee3e897e)","House music"
437611,"ObjectId(5714decb25ac0d8aee3eb243)","House music"
437611,"ObjectId(5714decb25ac0d8aee3eb243)","Tropical house"
450870,"ObjectId(5714decc25ac0d8aee3ee60e)","House music"
450882,"ObjectId(5714decc25ac0d8aee3ee61a)","House (musique)"
450883,"ObjectId(5714decc25ac0d8aee3ee61b)","House (musique)"
450899,"ObjectId(5714decc25ac0d8aee3ee62b)","House (musique)"
450908,"ObjectId(5714decc25ac0d8aee3ee634)","House (musique)"
450914,"ObjectId(5714decc25ac0d8aee3ee63a)","House (musique)"
450915,"ObjectId(5714decc25ac0d8aee3ee63b)","House music"
450917,"ObjectId(5714decc25ac0d8aee3ee63d)","House music"
450919,"ObjectId(5714decc25ac0d8aee3ee63f)","House music"
450926,"ObjectId(5714decc25ac0d8aee3ee646)","House music"
450928,"ObjectId(5714decc25ac0d8aee3ee648)","House music"
450946,"ObjectId(5714decc25ac0d8aee3ee65a)","House music"
452391,"ObjectId(5714decc25ac0d8aee3eebff)","House music"
462289,"ObjectId(5714decc25ac0d8aee3f12a9)","Deep house"
462289,"ObjectId(5714decc25ac0d8aee3f12a9)","Progressive house"
462289,"ObjectId(5714decc25ac0d8aee3f12a9)","Ambient house"
462305,"ObjectId(5714decc25ac0d8aee3f12b9)","Deep house"
462305,"ObjectId(5714decc25ac0d8aee3f12b9)","Progressive house"
462305,"ObjectId(5714decc25ac0d8aee3f12b9)","Ambient house"
462322,"ObjectId(5714decc25ac0d8aee3f12ca)","Deep house"
462322,"ObjectId(5714decc25ac0d8aee3f12ca)","Progressive house"
462322,"ObjectId(5714decc25ac0d8aee3f12ca)","Ambient house"
462333,"ObjectId(5714decc25ac0d8aee3f12d5)","Progressive house"
462354,"ObjectId(5714decc25ac0d8aee3f12ea)","Progressive house"
462368,"ObjectId(5714decc25ac0d8aee3f12f8)","Ambient house"
462368,"ObjectId(5714decc25ac0d8aee3f12f8)","Progressive house"
462379,"ObjectId(5714decc25ac0d8aee3f1303)","Progressive house"
462836,"ObjectId(5714decc25ac0d8aee3f14cc)","House music"
462965,"ObjectId(5714decc25ac0d8aee3f154d)","House music"
468892,"ObjectId(5714decc25ac0d8aee3f2c74)","House music"
469352,"ObjectId(5714decc25ac0d8aee3f2e40)","House music"
469353,"ObjectId(5714decc25ac0d8aee3f2e41)","House music"
469361,"ObjectId(5714decc25ac0d8aee3f2e49)","House music"
469371,"ObjectId(5714decc25ac0d8aee3f2e53)","House music"
469372,"ObjectId(5714decc25ac0d8aee3f2e54)","House music"
479266,"ObjectId(5714decc25ac0d8aee3f54f7)","House music"
479308,"ObjectId(5714decc25ac0d8aee3f5521)","House music"
479331,"ObjectId(5714decc25ac0d8aee3f5538)","House music"
479348,"ObjectId(5714decc25ac0d8aee3f5549)","House music"
488987,"ObjectId(5714decc25ac0d8aee3f7af0)","Deep house"
502207,"ObjectId(5714decd25ac0d8aee3fae94)","House music"
504344,"ObjectId(5714decd25ac0d8aee3fb6e4)","House music"
504505,"ObjectId(5714decd25ac0d8aee3fb785)","Deep house"
504808,"ObjectId(5714decd25ac0d8aee3fb8b4)","Deep house"
504809,"ObjectId(5714decd25ac0d8aee3fb8b5)","House music"
504809,"ObjectId(5714decd25ac0d8aee3fb8b5)","Deep house"
504810,"ObjectId(5714decd25ac0d8aee3fb8b6)","Deep house"
504819,"ObjectId(5714decd25ac0d8aee3fb8bf)","Deep house"
504826,"ObjectId(5714decd25ac0d8aee3fb8c6)","House music"
504826,"ObjectId(5714decd25ac0d8aee3fb8c6)","Deep house"
504832,"ObjectId(5714decd25ac0d8aee3fb8cc)","Tropical house"
504832,"ObjectId(5714decd25ac0d8aee3fb8cc)","Deep house"
504844,"ObjectId(5714decd25ac0d8aee3fb8d8)","House music"
504844,"ObjectId(5714decd25ac0d8aee3fb8d8)","Deep house"
509527,"ObjectId(5714decd25ac0d8aee3fcb23)","House music"
509551,"ObjectId(5714decd25ac0d8aee3fcb3b)","House music"
509577,"ObjectId(5714decd25ac0d8aee3fcb55)","House music"
509606,"ObjectId(5714decd25ac0d8aee3fcb72)","House music"
509676,"ObjectId(5714decd25ac0d8aee3fcbb8)","House music"
509740,"ObjectId(5714decd25ac0d8aee3fcbf8)","House"
512288,"ObjectId(5714decd25ac0d8aee3fd5ec)","Microhouse"
512289,"ObjectId(5714decd25ac0d8aee3fd5ed)","House music"
524343,"ObjectId(5714decd25ac0d8aee400503)","House music"
524389,"ObjectId(5714decd25ac0d8aee400531)","House music"
524431,"ObjectId(5714decd25ac0d8aee40055b)","House music"
526953,"ObjectId(5714decd25ac0d8aee400f35)","House music"
527081,"ObjectId(5714decd25ac0d8aee400fb5)","House music"
527139,"ObjectId(5714decd25ac0d8aee400fef)","House music"
540491,"ObjectId(5714dece25ac0d8aee40440b)","House music"
540961,"ObjectId(5714dece25ac0d8aee4045e1)","Deep house"
543487,"ObjectId(5714dece25ac0d8aee404fbf)","Progressive house"
543535,"ObjectId(5714dece25ac0d8aee404fef)","Progressive house"
544140,"ObjectId(5714dece25ac0d8aee40524c)","Progressive house"
549794,"ObjectId(5714dece25ac0d8aee406862)","House music"
549805,"ObjectId(5714dece25ac0d8aee40686d)","House music"
549877,"ObjectId(5714dece25ac0d8aee4068b5)","House music"
560475,"ObjectId(5714dece25ac0d8aee409215)","House music"
560476,"ObjectId(5714dece25ac0d8aee409216)","House music"
560490,"ObjectId(5714dece25ac0d8aee409224)","House music"
562392,"ObjectId(5714dece25ac0d8aee409992)","Italo house"
573541,"ObjectId(5714dece25ac0d8aee40c51f)","Deep House"
579673,"ObjectId(5714dece25ac0d8aee40dd13)","Tech house"
595638,"ObjectId(5714decf25ac0d8aee411b67)","House music"
595650,"ObjectId(5714decf25ac0d8aee411b73)","House music"
595735,"ObjectId(5714decf25ac0d8aee411bc8)","House music"
598005,"ObjectId(5714decf25ac0d8aee4124a6)","House music"
598006,"ObjectId(5714decf25ac0d8aee4124a7)","House music"
603485,"ObjectId(5714decf25ac0d8aee413a0e)","Progressive house"
603494,"ObjectId(5714decf25ac0d8aee413a17)","Progressive house"
603498,"ObjectId(5714decf25ac0d8aee413a1b)","House music"
603499,"ObjectId(5714decf25ac0d8aee413a1c)","House music"
603512,"ObjectId(5714decf25ac0d8aee413a29)","House music"
603553,"ObjectId(5714decf25ac0d8aee413a52)","House music"
603553,"ObjectId(5714decf25ac0d8aee413a52)","Progressive house"
603554,"ObjectId(5714decf25ac0d8aee413a53)","House music"
603554,"ObjectId(5714decf25ac0d8aee413a53)","Tech house"
603554,"ObjectId(5714decf25ac0d8aee413a53)","Progressive house"
603620,"ObjectId(5714decf25ac0d8aee413a95)","Progressive house"
605282,"ObjectId(5714decf25ac0d8aee414113)","House music"
613038,"ObjectId(5714decf25ac0d8aee415f59)","Progressive house"
616411,"ObjectId(5714decf25ac0d8aee416c86)","House music"
618108,"ObjectId(5714decf25ac0d8aee417327)","Tech house"
618121,"ObjectId(5714decf25ac0d8aee417334)","Tech house"
618134,"ObjectId(5714decf25ac0d8aee417341)","Progressive house"
627214,"ObjectId(5714decf25ac0d8aee4196b9)","Progressive house"
627262,"ObjectId(5714decf25ac0d8aee4196e9)","Progressive house"
633863,"ObjectId(5714decf25ac0d8aee41b0b2)","House music"
633878,"ObjectId(5714decf25ac0d8aee41b0c1)","House music"
633901,"ObjectId(5714decf25ac0d8aee41b0d8)","House music"
633989,"ObjectId(5714decf25ac0d8aee41b130)","House music"
634016,"ObjectId(5714decf25ac0d8aee41b14b)","House music"
635524,"ObjectId(5714decf25ac0d8aee41b72f)","Deep house"
635524,"ObjectId(5714decf25ac0d8aee41b72f)","Tropical house"
637118,"ObjectId(5714decf25ac0d8aee41bd69)","Deep house"
637223,"ObjectId(5714decf25ac0d8aee41bdd2)","House music"
638701,"ObjectId(5714decf25ac0d8aee41c398)","Deep house"
639401,"ObjectId(5714decf25ac0d8aee41c654)","Progressive house"
652294,"ObjectId(5714ded025ac0d8aee41f8b1)","House music"
652326,"ObjectId(5714ded025ac0d8aee41f8d1)","House music"
652377,"ObjectId(5714ded025ac0d8aee41f904)","House music"
652426,"ObjectId(5714ded025ac0d8aee41f935)","House music"
652520,"ObjectId(5714ded025ac0d8aee41f993)","House music"
652583,"ObjectId(5714ded025ac0d8aee41f9d2)","House music"
654262,"ObjectId(5714ded025ac0d8aee420061)","Progressive house"
654280,"ObjectId(5714ded025ac0d8aee420073)","House music"
656089,"ObjectId(5714ded025ac0d8aee420781)","House music"
656106,"ObjectId(5714ded025ac0d8aee420792)","House music"
664127,"ObjectId(5714ded025ac0d8aee4226e7)","House music"
673820,"ObjectId(5714ded025ac0d8aee424cc4)","Acid house"
676984,"ObjectId(5714ded025ac0d8aee425920)","House music"
677003,"ObjectId(5714ded025ac0d8aee425933)","House music"
677006,"ObjectId(5714ded025ac0d8aee425936)","House music"
677009,"ObjectId(5714ded025ac0d8aee425939)","House music"
680992,"ObjectId(5714ded025ac0d8aee4268c8)","Tribal house"
692502,"ObjectId(5714ded125ac0d8aee4295be)","House music"
692508,"ObjectId(5714ded125ac0d8aee4295c4)","House music"
692842,"ObjectId(5714ded125ac0d8aee429712)","Progressive house"
696782,"ObjectId(5714ded125ac0d8aee42a676)","House music"
702478,"ObjectId(5714ded125ac0d8aee42bcb6)","House music"
712425,"ObjectId(5714ded125ac0d8aee42e391)","Deep House"
712426,"ObjectId(5714ded125ac0d8aee42e392)","Deep House"
718320,"ObjectId(5714ded125ac0d8aee42fa98)","Italo house"
718321,"ObjectId(5714ded125ac0d8aee42fa99)","Italo house"
718329,"ObjectId(5714ded125ac0d8aee42faa1)","Italo house"
718333,"ObjectId(5714ded125ac0d8aee42faa5)","Italo house"
718342,"ObjectId(5714ded125ac0d8aee42faae)","Italo house"
722861,"ObjectId(5714ded125ac0d8aee430c55)","House music"
722944,"ObjectId(5714ded125ac0d8aee430ca8)","House music"
722959,"ObjectId(5714ded125ac0d8aee430cb7)","House music"
722972,"ObjectId(5714ded125ac0d8aee430cc4)","House music"
725708,"ObjectId(5714ded125ac0d8aee431774)","House music"
725734,"ObjectId(5714ded125ac0d8aee43178e)","House music"
727438,"ObjectId(5714ded125ac0d8aee431e36)","House music"
738403,"ObjectId(5714ded125ac0d8aee43490b)","House music"
738404,"ObjectId(5714ded125ac0d8aee43490c)","House music"
744461,"ObjectId(5714ded225ac0d8aee4360b5)","House music"
769356,"ObjectId(5714ded225ac0d8aee43c1f5)","House music"
769499,"ObjectId(5714ded225ac0d8aee43c284)","House music"
769515,"ObjectId(5714ded225ac0d8aee43c294)","House music"
769556,"ObjectId(5714ded225ac0d8aee43c2bd)","House music"
769635,"ObjectId(5714ded225ac0d8aee43c30c)","House music"
769667,"ObjectId(5714ded225ac0d8aee43c32c)","House music"
769683,"ObjectId(5714ded225ac0d8aee43c33c)","House music"
769703,"ObjectId(5714ded225ac0d8aee43c350)","House music"
772506,"ObjectId(5714ded225ac0d8aee43ce43)","House music"
775256,"ObjectId(5714ded225ac0d8aee43d901)","House music"
780143,"ObjectId(5714ded225ac0d8aee43ec18)","House music"
789552,"ObjectId(5714ded225ac0d8aee4410d0)","Deep house"
798169,"ObjectId(5714ded325ac0d8aee44326d)","House music"
804896,"ObjectId(5714ded325ac0d8aee444cb4)","Deep house"
804900,"ObjectId(5714ded325ac0d8aee444cb8)","Deep house"
804954,"ObjectId(5714ded325ac0d8aee444cee)","Deep house"
804994,"ObjectId(5714ded325ac0d8aee444d16)","Deep house"
812404,"ObjectId(5714ded325ac0d8aee446a08)","House music"
812405,"ObjectId(5714ded325ac0d8aee446a09)","House music"
815035,"ObjectId(5714ded325ac0d8aee44744f)","House music"
815066,"ObjectId(5714ded325ac0d8aee44746e)","House music"
815091,"ObjectId(5714ded325ac0d8aee447487)","Deep house"
826129,"ObjectId(5714ded325ac0d8aee449fa5)","House music"
832863,"ObjectId(5714ded325ac0d8aee44b9f3)","House music"
842575,"ObjectId(5714ded325ac0d8aee44dfe3)","House music"
842586,"ObjectId(5714ded325ac0d8aee44dfee)","House music"
842939,"ObjectId(5714ded325ac0d8aee44e14f)","House music"
848045,"ObjectId(5714ded425ac0d8aee44f541)","Latin house"
848046,"ObjectId(5714ded425ac0d8aee44f542)","House music"
848057,"ObjectId(5714ded425ac0d8aee44f54d)","House music"
853106,"ObjectId(5714ded425ac0d8aee450906)","House music"
853121,"ObjectId(5714ded425ac0d8aee450915)","House music"
853153,"ObjectId(5714ded425ac0d8aee450935)","House music"
853192,"ObjectId(5714ded425ac0d8aee45095c)","House music"
853217,"ObjectId(5714ded425ac0d8aee450975)","House music"
853264,"ObjectId(5714ded425ac0d8aee4509a4)","House music"
853332,"ObjectId(5714ded425ac0d8aee4509e8)","House music"
853397,"ObjectId(5714ded425ac0d8aee450a29)","House music"
853409,"ObjectId(5714ded425ac0d8aee450a35)","House music"
853427,"ObjectId(5714ded425ac0d8aee450a47)","House music"
854712,"ObjectId(5714ded425ac0d8aee450f4c)","House music"
860848,"ObjectId(5714ded425ac0d8aee452744)","House music"
860850,"ObjectId(5714ded425ac0d8aee452746)","House music"
878330,"ObjectId(5714ded425ac0d8aee456b8e)","Deep house"
882931,"ObjectId(5714ded425ac0d8aee457d87)","House music"
882984,"ObjectId(5714ded425ac0d8aee457dbc)","House music"
883002,"ObjectId(5714ded425ac0d8aee457dce)","Tribal house"
886370,"ObjectId(5714ded425ac0d8aee458af6)","Deep house"
886402,"ObjectId(5714ded425ac0d8aee458b16)","Tropical house"
886402,"ObjectId(5714ded425ac0d8aee458b16)","Deep house"
895937,"ObjectId(5714ded525ac0d8aee45b052)","House music"
898046,"ObjectId(5714ded525ac0d8aee45b88f)","House music"
905434,"ObjectId(5714ded525ac0d8aee45d56b)","House music"
905446,"ObjectId(5714ded525ac0d8aee45d577)","House music"
905447,"ObjectId(5714ded525ac0d8aee45d578)","Deep house"
923538,"ObjectId(5714ded525ac0d8aee461c23)","House music"
923613,"ObjectId(5714ded525ac0d8aee461c6e)","House music"
923666,"ObjectId(5714ded525ac0d8aee461ca3)","House music"
924845,"ObjectId(5714ded525ac0d8aee46213e)","House music"
924881,"ObjectId(5714ded525ac0d8aee462162)","House music"
934341,"ObjectId(5714ded525ac0d8aee464656)","Progressive house"
934344,"ObjectId(5714ded525ac0d8aee464659)","Progressive house"
950837,"ObjectId(5714ded625ac0d8aee4686c6)","House music"
950845,"ObjectId(5714ded625ac0d8aee4686ce)","House music"
950848,"ObjectId(5714ded625ac0d8aee4686d1)","House music"
950931,"ObjectId(5714ded625ac0d8aee468724)","House music"
951062,"ObjectId(5714ded625ac0d8aee4687a7)","House music"
951154,"ObjectId(5714ded625ac0d8aee468803)","House music"
951221,"ObjectId(5714ded625ac0d8aee468846)","House music"
951264,"ObjectId(5714ded625ac0d8aee468871)","House music"
951308,"ObjectId(5714ded625ac0d8aee46889d)","House music"
951680,"ObjectId(5714ded625ac0d8aee468a11)","House music"
951857,"ObjectId(5714ded625ac0d8aee468ac2)","House music"
951961,"ObjectId(5714ded625ac0d8aee468b2a)","House music"
952054,"ObjectId(5714ded625ac0d8aee468b87)","House music"
967563,"ObjectId(5714ded625ac0d8aee46c81d)","House music"
967766,"ObjectId(5714ded625ac0d8aee46c8e8)","House music"
977622,"ObjectId(5714ded625ac0d8aee46ef68)","House music"
977631,"ObjectId(5714ded625ac0d8aee46ef71)","House music"
987543,"ObjectId(5714ded625ac0d8aee471629)","Acid house"
987693,"ObjectId(5714ded625ac0d8aee4716bf)","House music"
992792,"ObjectId(5714ded625ac0d8aee472aa7)","Deep house"
992792,"ObjectId(5714ded625ac0d8aee472aa7)","Ambient house"
992792,"ObjectId(5714ded625ac0d8aee472aa7)","Progressive house"
995225,"ObjectId(5714ded725ac0d8aee473428)","House music"
995226,"ObjectId(5714ded725ac0d8aee473429)","House music"
995239,"ObjectId(5714ded725ac0d8aee473436)","House music"
997820,"ObjectId(5714ded725ac0d8aee473e4b)","Deep house"
1002296,"ObjectId(5714ded725ac0d8aee474fc1)","Tribal house"
1002297,"ObjectId(5714ded725ac0d8aee474fc2)","House music"
1005739,"ObjectId(5714ded725ac0d8aee475d34)","House music"
1012221,"ObjectId(5714ded725ac0d8aee477686)","House music"
1013495,"ObjectId(5714ded725ac0d8aee477b80)","Deep house"
1013496,"ObjectId(5714ded725ac0d8aee477b81)","Deep house"
1026149,"ObjectId(5714ded725ac0d8aee47ace8)","Deep house"
1026150,"ObjectId(5714ded725ac0d8aee47ace9)","Deep house"
1026151,"ObjectId(5714ded725ac0d8aee47acea)","Deep house"
1026152,"ObjectId(5714ded725ac0d8aee47aceb)","Deep house"
1026155,"ObjectId(5714ded725ac0d8aee47acee)","Deep house"
1026155,"ObjectId(5714ded725ac0d8aee47acee)","Tropical house"
1026156,"ObjectId(5714ded725ac0d8aee47acef)","Deep house"
1027466,"ObjectId(5714ded725ac0d8aee47b20d)","Tropical house"
1027466,"ObjectId(5714ded725ac0d8aee47b20d)","Deep house"
1027468,"ObjectId(5714ded725ac0d8aee47b20f)","Deep house"
1029997,"ObjectId(5714ded725ac0d8aee47bbf0)","Deep House"
1029998,"ObjectId(5714ded725ac0d8aee47bbf1)","Deep House"
1035942,"ObjectId(5714ded725ac0d8aee47d329)","Progressive house"
1035951,"ObjectId(5714ded725ac0d8aee47d332)","Progressive house"
1042763,"ObjectId(5714ded825ac0d8aee47edce)","Tropical house"
1042763,"ObjectId(5714ded825ac0d8aee47edce)","Deep house"
1042764,"ObjectId(5714ded825ac0d8aee47edcf)","Tropical house"
1043144,"ObjectId(5714ded825ac0d8aee47ef4b)","House music"
1043155,"ObjectId(5714ded825ac0d8aee47ef56)","House music"
1043189,"ObjectId(5714ded825ac0d8aee47ef78)","House music"
1043227,"ObjectId(5714ded825ac0d8aee47ef9e)","House music"
1043282,"ObjectId(5714ded825ac0d8aee47efd5)","House music"
1043321,"ObjectId(5714ded825ac0d8aee47effc)","House music"
1043333,"ObjectId(5714ded825ac0d8aee47f008)","House music"
1043376,"ObjectId(5714ded825ac0d8aee47f033)","House music"
1043410,"ObjectId(5714ded825ac0d8aee47f055)","House music"
1043443,"ObjectId(5714ded825ac0d8aee47f076)","House music"
1046370,"ObjectId(5714ded825ac0d8aee47fbe5)","House music"
1046384,"ObjectId(5714ded825ac0d8aee47fbf3)","House music"
1055983,"ObjectId(5714ded825ac0d8aee482172)","Progressive house"
1057810,"ObjectId(5714ded825ac0d8aee482895)","House music"
1063870,"ObjectId(5714ded825ac0d8aee484041)","House music"
1063886,"ObjectId(5714ded825ac0d8aee484051)","House music"
1063956,"ObjectId(5714ded825ac0d8aee484097)","House music"
1068889,"ObjectId(5714ded825ac0d8aee4853dc)","House music"
1068890,"ObjectId(5714ded825ac0d8aee4853dd)","House music"
1068891,"ObjectId(5714ded825ac0d8aee4853de)","House music"
1068892,"ObjectId(5714ded825ac0d8aee4853df)","House music"
1068893,"ObjectId(5714ded825ac0d8aee4853e0)","House music"
1068894,"ObjectId(5714ded825ac0d8aee4853e1)","House music"
1078791,"ObjectId(5714ded825ac0d8aee487a8a)","House music"
1078826,"ObjectId(5714ded825ac0d8aee487aad)","House music"
1103484,"ObjectId(5714ded925ac0d8aee48daff)","Deep house"
1103486,"ObjectId(5714ded925ac0d8aee48db01)","Deep house"
1103489,"ObjectId(5714ded925ac0d8aee48db04)","House music"
1105020,"ObjectId(5714ded925ac0d8aee48e0ff)","House music"
1105046,"ObjectId(5714ded925ac0d8aee48e119)","House music"
1105073,"ObjectId(5714ded925ac0d8aee48e134)","House music"
1105172,"ObjectId(5714ded925ac0d8aee48e197)","House music"
1107732,"ObjectId(5714ded925ac0d8aee48eb97)","House music"
1108171,"ObjectId(5714ded925ac0d8aee48ed4e)","Deep house"
1109044,"ObjectId(5714ded925ac0d8aee48f0b7)","Acid house"
1111552,"ObjectId(5714ded925ac0d8aee48fa83)","House music"
1111666,"ObjectId(5714ded925ac0d8aee48faf5)","House music"
1111841,"ObjectId(5714ded925ac0d8aee48fba4)","Deep house"
1111845,"ObjectId(5714ded925ac0d8aee48fba8)","Deep house"
1111939,"ObjectId(5714ded925ac0d8aee48fc06)","House music"
1111973,"ObjectId(5714ded925ac0d8aee48fc28)","House music"
1111989,"ObjectId(5714ded925ac0d8aee48fc38)","House music"
1111990,"ObjectId(5714ded925ac0d8aee48fc39)","House music"
1111993,"ObjectId(5714ded925ac0d8aee48fc3c)","House music"
1112023,"ObjectId(5714ded925ac0d8aee48fc5a)","House music"
1114981,"ObjectId(5714ded925ac0d8aee4907e8)","Tropical house"
1114981,"ObjectId(5714ded925ac0d8aee4907e8)","Deep house"
1144232,"ObjectId(5714deda25ac0d8aee497a28)","House music"
1144258,"ObjectId(5714deda25ac0d8aee497a42)","House music"
1147238,"ObjectId(5714deda25ac0d8aee4985e6)","House music"
1147321,"ObjectId(5714deda25ac0d8aee498639)","House music"
1147337,"ObjectId(5714deda25ac0d8aee498649)","House music"
1158215,"ObjectId(5714deda25ac0d8aee49b0c7)","Deep house"
1158235,"ObjectId(5714deda25ac0d8aee49b0db)","House music"
1158310,"ObjectId(5714deda25ac0d8aee49b126)","Deep house"
1158315,"ObjectId(5714deda25ac0d8aee49b12b)","House music"
1158345,"ObjectId(5714deda25ac0d8aee49b149)","House music"
1158382,"ObjectId(5714deda25ac0d8aee49b16e)","House music"
1158415,"ObjectId(5714deda25ac0d8aee49b18f)","House music"
1158463,"ObjectId(5714deda25ac0d8aee49b1bf)","House music"
1163889,"ObjectId(5714deda25ac0d8aee49c6f1)","House music"
1186364,"ObjectId(5714deda25ac0d8aee4a1ead)","House music"
1186380,"ObjectId(5714deda25ac0d8aee4a1ebd)","House music"
1187978,"ObjectId(5714deda25ac0d8aee4a24fb)","House music"
1193111,"ObjectId(5714dedb25ac0d8aee4a3908)","House music"
1193111,"ObjectId(5714dedb25ac0d8aee4a3908)","Acid house"
1193112,"ObjectId(5714dedb25ac0d8aee4a3909)","House music"
1193112,"ObjectId(5714dedb25ac0d8aee4a3909)","Acid house"
1193114,"ObjectId(5714dedb25ac0d8aee4a390b)","House music"
1193114,"ObjectId(5714dedb25ac0d8aee4a390b)","Acid house"
1195540,"ObjectId(5714dedb25ac0d8aee4a4285)","Progressive house"
1196137,"ObjectId(5714dedb25ac0d8aee4a44da)","Tropical house"
1199382,"ObjectId(5714dedb25ac0d8aee4a5187)","Tropical house"
1199391,"ObjectId(5714dedb25ac0d8aee4a5190)","Tropical house"
1199392,"ObjectId(5714dedb25ac0d8aee4a5191)","Tropical house"
1199393,"ObjectId(5714dedb25ac0d8aee4a5192)","Tropical house"
1199403,"ObjectId(5714dedb25ac0d8aee4a519c)","Tropical house"
1199442,"ObjectId(5714dedb25ac0d8aee4a51c3)","Tropical house"
1199635,"ObjectId(5714dedb25ac0d8aee4a5284)","Tropical house"
1200442,"ObjectId(5714dedb25ac0d8aee4a55ab)","Deep house"
1209514,"ObjectId(5714dedb25ac0d8aee4a791b)","Microhouse"
1209523,"ObjectId(5714dedb25ac0d8aee4a7924)","Microhouse"
1213609,"ObjectId(5714dedb25ac0d8aee4a891a)","Tropical house"
1219062,"ObjectId(5714dedb25ac0d8aee4a9e64)","House music"
1237251,"ObjectId(5714dedb25ac0d8aee4ae571)","Tropical house"
1239653,"ObjectId(5714dedc25ac0d8aee4aeecd)","House music"
1250266,"ObjectId(5714dedc25ac0d8aee4b1839)","House music"
1250270,"ObjectId(5714dedc25ac0d8aee4b183d)","House music"
1250271,"ObjectId(5714dedc25ac0d8aee4b183e)","House music"
1250273,"ObjectId(5714dedc25ac0d8aee4b1840)","House music"
1251658,"ObjectId(5714dedc25ac0d8aee4b1da9)","Acid house"
1254796,"ObjectId(5714dedc25ac0d8aee4b29eb)","House music"
1255582,"ObjectId(5714dedc25ac0d8aee4b2cfd)","House music"
1260507,"ObjectId(5714dedc25ac0d8aee4b403a)","House music"
1260515,"ObjectId(5714dedc25ac0d8aee4b4042)","House music"
1264719,"ObjectId(5714dedc25ac0d8aee4b50ae)","Tech house"
1272653,"ObjectId(5714dedc25ac0d8aee4b6fac)","House music"
1272670,"ObjectId(5714dedc25ac0d8aee4b6fbd)","House music"
1276437,"ObjectId(5714dedc25ac0d8aee4b7e74)","House music"
1285199,"ObjectId(5714dedc25ac0d8aee4ba0ae)","House music"
1287564,"ObjectId(5714dedd25ac0d8aee4ba9eb)","House music"
1287634,"ObjectId(5714dedd25ac0d8aee4baa31)","Tropical house"
1287634,"ObjectId(5714dedd25ac0d8aee4baa31)","Deep house"
1287636,"ObjectId(5714dedd25ac0d8aee4baa33)","Tropical house"
1287636,"ObjectId(5714dedd25ac0d8aee4baa33)","Deep house"
1292182,"ObjectId(5714dedd25ac0d8aee4bbbf2)","Tech house"
1300178,"ObjectId(5714dedd25ac0d8aee4bdb2e)","House music"
1301688,"ObjectId(5714dedd25ac0d8aee4be114)","House music"
1313067,"ObjectId(5714dedd25ac0d8aee4c0d87)","House music"
1316512,"ObjectId(5714dedd25ac0d8aee4c1afc)","Progressive house"
1316545,"ObjectId(5714dedd25ac0d8aee4c1b1d)","Progressive house"
1320369,"ObjectId(5714dedd25ac0d8aee4c2a0d)","House music"
1328790,"ObjectId(5714dedd25ac0d8aee4c4af2)","Acid house"
1328825,"ObjectId(5714dedd25ac0d8aee4c4b15)","Acid house"
1333822,"ObjectId(5714dedd25ac0d8aee4c5e9a)","Progressive house"
1335480,"ObjectId(5714dede25ac0d8aee4c6514)","House music"
1337159,"ObjectId(5714dede25ac0d8aee4c6ba3)","House music"
1354188,"ObjectId(5714dede25ac0d8aee4cae28)","House music"
1354241,"ObjectId(5714dede25ac0d8aee4cae5d)","Deep house"
1354412,"ObjectId(5714dede25ac0d8aee4caf08)","Deep house"
1354431,"ObjectId(5714dede25ac0d8aee4caf1b)","Deep house"
1371759,"ObjectId(5714dede25ac0d8aee4cf2cb)","Deep house"
1371773,"ObjectId(5714dede25ac0d8aee4cf2d9)","Deep house"
1374488,"ObjectId(5714dede25ac0d8aee4cfd74)","Progressive house"
1374501,"ObjectId(5714dede25ac0d8aee4cfd81)","Progressive house"
1383000,"ObjectId(5714dede25ac0d8aee4d1ea2)","Progressive house"
1408682,"ObjectId(5714dedf25ac0d8aee4d82f1)","House music"
1412673,"ObjectId(5714dedf25ac0d8aee4d9288)","House music"
1418600,"ObjectId(5714dedf25ac0d8aee4da9af)","Progressive house"
1418601,"ObjectId(5714dedf25ac0d8aee4da9b0)","Progressive house"
1426050,"ObjectId(5714dedf25ac0d8aee4dc6c9)","House music"
1426051,"ObjectId(5714dedf25ac0d8aee4dc6ca)","House music"
1426078,"ObjectId(5714dedf25ac0d8aee4dc6e5)","House music"
1426238,"ObjectId(5714dedf25ac0d8aee4dc785)","House music"
1426250,"ObjectId(5714dedf25ac0d8aee4dc791)","House music"
1426388,"ObjectId(5714dedf25ac0d8aee4dc81b)","House music"
1437044,"ObjectId(5714dedf25ac0d8aee4df1a3)","House music"
1437056,"ObjectId(5714dedf25ac0d8aee4df1af)","House music"
1439473,"ObjectId(5714dee025ac0d8aee4dfb20)","Deep house"
1454821,"ObjectId(5714dee025ac0d8aee4e3714)","Deep house"
1454821,"ObjectId(5714dee025ac0d8aee4e3714)","Tropical house"
1481285,"ObjectId(5714dee025ac0d8aee4e9e74)","House music"
1482472,"ObjectId(5714dee025ac0d8aee4ea317)","House music"
1482499,"ObjectId(5714dee025ac0d8aee4ea332)","House music"
1482515,"ObjectId(5714dee025ac0d8aee4ea342)","House music"
1482531,"ObjectId(5714dee025ac0d8aee4ea352)","House music"
1482547,"ObjectId(5714dee025ac0d8aee4ea362)","House music"
1482613,"ObjectId(5714dee025ac0d8aee4ea3a4)","House music"
1482680,"ObjectId(5714dee025ac0d8aee4ea3e7)","House music"
1482809,"ObjectId(5714dee025ac0d8aee4ea468)","House music"
1482833,"ObjectId(5714dee025ac0d8aee4ea480)","House music"
1482855,"ObjectId(5714dee025ac0d8aee4ea496)","House music"
1482889,"ObjectId(5714dee025ac0d8aee4ea4b8)","House music"
1484280,"ObjectId(5714dee025ac0d8aee4eaa27)","House music"
1485934,"ObjectId(5714dee025ac0d8aee4eb09d)","House music"
1486046,"ObjectId(5714dee025ac0d8aee4eb10d)","House music"
1503888,"ObjectId(5714dee125ac0d8aee4ef6bf)","House music"
1507673,"ObjectId(5714dee125ac0d8aee4f0579)","House music"
1514462,"ObjectId(5714dee125ac0d8aee4f1ffe)","House music"
1514472,"ObjectId(5714dee125ac0d8aee4f2008)","House music"
1529934,"ObjectId(5714dee125ac0d8aee4f5c6e)","House music"
1537776,"ObjectId(5714dee225ac0d8aee4f7b10)","House music"
1549886,"ObjectId(5714dee225ac0d8aee4faa55)","Deep house"
1549886,"ObjectId(5714dee225ac0d8aee4faa55)","House music"
1549915,"ObjectId(5714dee225ac0d8aee4faa72)","Deep house"
1549916,"ObjectId(5714dee225ac0d8aee4faa73)","Tropical house"
1549916,"ObjectId(5714dee225ac0d8aee4faa73)","Deep house"
1549918,"ObjectId(5714dee225ac0d8aee4faa75)","House music"
1549924,"ObjectId(5714dee225ac0d8aee4faa7b)","Tropical house"
1549924,"ObjectId(5714dee225ac0d8aee4faa7b)","Deep house"
1549930,"ObjectId(5714dee225ac0d8aee4faa81)","Deep house"
1549930,"ObjectId(5714dee225ac0d8aee4faa81)","Tropical house"
1549935,"ObjectId(5714dee225ac0d8aee4faa86)","Deep house"
1549936,"ObjectId(5714dee225ac0d8aee4faa87)","Deep house"
1550167,"ObjectId(5714dee225ac0d8aee4fab6e)","House music"
1552413,"ObjectId(5714dee225ac0d8aee4fb434)","House music"
1554003,"ObjectId(5714dee225ac0d8aee4fba6a)","House music"
1554256,"ObjectId(5714dee225ac0d8aee4fbb67)","House music"
1556197,"ObjectId(5714dee225ac0d8aee4fc2fc)","French house"
1556197,"ObjectId(5714dee225ac0d8aee4fc2fc)","House music"
1567117,"ObjectId(5714dee225ac0d8aee4feda4)","Deep house"
1568005,"ObjectId(5714dee225ac0d8aee4ff11c)","House music"
1568057,"ObjectId(5714dee225ac0d8aee4ff150)","House music"
1568080,"ObjectId(5714dee225ac0d8aee4ff167)","House music"
1568135,"ObjectId(5714dee225ac0d8aee4ff19e)","House music"
1568211,"ObjectId(5714dee225ac0d8aee4ff1ea)","House music"
1572224,"ObjectId(5714dee225ac0d8aee500185)","House music"
1574384,"ObjectId(5714dee225ac0d8aee5009f5)","Deep house"
1574446,"ObjectId(5714dee225ac0d8aee500a33)","Deep house"
1574450,"ObjectId(5714dee225ac0d8aee500a37)","Deep house"
1575185,"ObjectId(5714dee225ac0d8aee500d16)","House music"
1577109,"ObjectId(5714dee225ac0d8aee50149a)","House music"
1581118,"ObjectId(5714dee225ac0d8aee502443)","Progressive house"
1582168,"ObjectId(5714dee225ac0d8aee50285d)","Progressive house"
1584246,"ObjectId(5714dee225ac0d8aee50307b)","House music"
1588710,"ObjectId(5714dee325ac0d8aee5041eb)","House music"
1588711,"ObjectId(5714dee325ac0d8aee5041ec)","House music"
1591201,"ObjectId(5714dee325ac0d8aee504ba6)","House music"
1591268,"ObjectId(5714dee325ac0d8aee504be9)","House music"
1591308,"ObjectId(5714dee325ac0d8aee504c11)","House music"
1591345,"ObjectId(5714dee325ac0d8aee504c36)","House music"
1591400,"ObjectId(5714dee325ac0d8aee504c6d)","House music"
1591445,"ObjectId(5714dee325ac0d8aee504c9a)","House music"
1591494,"ObjectId(5714dee325ac0d8aee504ccb)","House music"
1591976,"ObjectId(5714dee325ac0d8aee504ead)","Deep house"
1592571,"ObjectId(5714dee325ac0d8aee505100)","House music"
1592572,"ObjectId(5714dee325ac0d8aee505101)","Acid house"
1592599,"ObjectId(5714dee325ac0d8aee50511c)","House music"
1592605,"ObjectId(5714dee325ac0d8aee505122)","Acid house"
1592615,"ObjectId(5714dee325ac0d8aee50512c)","Acid house"
1592617,"ObjectId(5714dee325ac0d8aee50512e)","House music"
1593887,"ObjectId(5714dee325ac0d8aee505624)","House music"
1595813,"ObjectId(5714dee325ac0d8aee505daa)","Progressive house"
1612399,"ObjectId(5714dee325ac0d8aee509e74)","House music"
1612401,"ObjectId(5714dee325ac0d8aee509e76)","House music"
1612797,"ObjectId(5714dee325ac0d8aee50a002)","Deep house"
1618639,"ObjectId(5714dee325ac0d8aee50b6d4)","Progressive house"
1618642,"ObjectId(5714dee325ac0d8aee50b6d7)","Progressive house"
1618643,"ObjectId(5714dee325ac0d8aee50b6d8)","Progressive house"
1618646,"ObjectId(5714dee325ac0d8aee50b6db)","Progressive house"
1632171,"ObjectId(5714dee325ac0d8aee50ebb0)","House music"
1632207,"ObjectId(5714dee325ac0d8aee50ebd4)","House music"
1633569,"ObjectId(5714dee325ac0d8aee50f126)","Acid house"
1638579,"ObjectId(5714dee425ac0d8aee5104b8)","House music"
1638580,"ObjectId(5714dee425ac0d8aee5104b9)","House music"
1645404,"ObjectId(5714dee425ac0d8aee511f61)","House music"
1645440,"ObjectId(5714dee425ac0d8aee511f85)","Progressive house"
1647947,"ObjectId(5714dee425ac0d8aee512950)","House music"
1653268,"ObjectId(5714dee425ac0d8aee513e19)","House music"
1653301,"ObjectId(5714dee425ac0d8aee513e3a)","House music"
1653383,"ObjectId(5714dee425ac0d8aee513e8c)","House music"
1653400,"ObjectId(5714dee425ac0d8aee513e9d)","House music"
1653442,"ObjectId(5714dee425ac0d8aee513ec7)","House music"
1672285,"ObjectId(5714dee425ac0d8aee518862)","House music"
1672326,"ObjectId(5714dee425ac0d8aee51888b)","House music"
1688068,"ObjectId(5714dee425ac0d8aee51c609)","French house"
1688097,"ObjectId(5714dee425ac0d8aee51c626)","House music"
1688129,"ObjectId(5714dee425ac0d8aee51c646)","French house"
1697202,"ObjectId(5714dee525ac0d8aee51e9b7)","French house"
1706083,"ObjectId(5714dee525ac0d8aee520c68)","House music"
1716107,"ObjectId(5714dee525ac0d8aee523390)","Progressive house"
1722357,"ObjectId(5714dee525ac0d8aee524bfa)","House music"
1722379,"ObjectId(5714dee525ac0d8aee524c10)","House music"
1726001,"ObjectId(5714dee525ac0d8aee525a36)","Deep house"
1726749,"ObjectId(5714dee525ac0d8aee525d22)","Deep house"
1730832,"ObjectId(5714dee525ac0d8aee526d15)","House music"
1730835,"ObjectId(5714dee525ac0d8aee526d18)","House music"
1730840,"ObjectId(5714dee525ac0d8aee526d1d)","House music"
1730844,"ObjectId(5714dee525ac0d8aee526d21)","House music"
1732161,"ObjectId(5714dee525ac0d8aee527246)","House music"
1736721,"ObjectId(5714dee525ac0d8aee528416)","House music"
1741004,"ObjectId(5714dee625ac0d8aee5294d1)","House music"
1742288,"ObjectId(5714dee625ac0d8aee5299d5)","House music"
1747169,"ObjectId(5714dee625ac0d8aee52ace6)","Progressive house"
1747172,"ObjectId(5714dee625ac0d8aee52ace9)","Progressive house"
1747185,"ObjectId(5714dee625ac0d8aee52acf6)","House music"
1747190,"ObjectId(5714dee625ac0d8aee52acfb)","French house"
1747196,"ObjectId(5714dee625ac0d8aee52ad01)","Progressive house"
1747207,"ObjectId(5714dee625ac0d8aee52ad0c)","Progressive house"
1747209,"ObjectId(5714dee625ac0d8aee52ad0e)","Progressive house"
1747214,"ObjectId(5714dee625ac0d8aee52ad13)","House music"
1755830,"ObjectId(5714dee625ac0d8aee52cebb)","Deep house"
1757301,"ObjectId(5714dee625ac0d8aee52d47a)","House music"
1758349,"ObjectId(5714dee625ac0d8aee52d892)","Progressive house"
1759135,"ObjectId(5714dee625ac0d8aee52dba4)","House music"
1759146,"ObjectId(5714dee625ac0d8aee52dbaf)","House music"
1759174,"ObjectId(5714dee625ac0d8aee52dbcb)","House music"
1759183,"ObjectId(5714dee625ac0d8aee52dbd4)","House music"
1759198,"ObjectId(5714dee625ac0d8aee52dbe3)","House music"
1759212,"ObjectId(5714dee625ac0d8aee52dbf1)","House music"
1759223,"ObjectId(5714dee625ac0d8aee52dbfc)","House music"
1759236,"ObjectId(5714dee625ac0d8aee52dc09)","House music"
1759284,"ObjectId(5714dee625ac0d8aee52dc39)","House music"
1759303,"ObjectId(5714dee625ac0d8aee52dc4c)","House music"
1761979,"ObjectId(5714dee625ac0d8aee52e6c0)","Deep house"
1767038,"ObjectId(5714dee625ac0d8aee52fa83)","House music"
1769261,"ObjectId(5714dee625ac0d8aee530332)","Acid house"
1773160,"ObjectId(5714dee625ac0d8aee53126d)","Progressive house"
1773160,"ObjectId(5714dee625ac0d8aee53126d)","Deep house"
1787512,"ObjectId(5714dee725ac0d8aee534a7d)","Deep house"
1787525,"ObjectId(5714dee725ac0d8aee534a8a)","Deep house"
1788891,"ObjectId(5714dee725ac0d8aee534fe0)","Progressive house"
1789506,"ObjectId(5714dee725ac0d8aee535247)","House music"
1804499,"ObjectId(5714dee725ac0d8aee538cd8)","Progressive house"
1806070,"ObjectId(5714dee725ac0d8aee5392fb)","Tech house"
1812370,"ObjectId(5714dee725ac0d8aee53ab97)","House music"
1812386,"ObjectId(5714dee725ac0d8aee53aba7)","House music"
1812449,"ObjectId(5714dee725ac0d8aee53abe6)","House music"
1812490,"ObjectId(5714dee725ac0d8aee53ac0f)","House music"
1812540,"ObjectId(5714dee725ac0d8aee53ac41)","House music"
1826670,"ObjectId(5714dee725ac0d8aee53e361)","House music"
1850238,"ObjectId(5714dee825ac0d8aee543f71)","House music"
1850309,"ObjectId(5714dee825ac0d8aee543fb8)","House music"
1852089,"ObjectId(5714dee825ac0d8aee5446ac)","House music"
1854061,"ObjectId(5714dee825ac0d8aee544e60)","House music"
1854067,"ObjectId(5714dee825ac0d8aee544e66)","House music"
1854068,"ObjectId(5714dee825ac0d8aee544e67)","House music"
1854069,"ObjectId(5714dee825ac0d8aee544e68)","House music"
1854070,"ObjectId(5714dee825ac0d8aee544e69)","House music"
1854071,"ObjectId(5714dee825ac0d8aee544e6a)","House music"
1854072,"ObjectId(5714dee825ac0d8aee544e6b)","House music"
1862840,"ObjectId(5714dee825ac0d8aee5470ab)","House music"
1875765,"ObjectId(5714dee825ac0d8aee54a328)","Ambient house"
1880349,"ObjectId(5714dee825ac0d8aee54b510)","House music"
1882121,"ObjectId(5714dee825ac0d8aee54bbfc)","Progressive house"
1882995,"ObjectId(5714dee825ac0d8aee54bf66)","House music"
1888228,"ObjectId(5714dee825ac0d8aee54d3d7)","Progressive house"
1896223,"ObjectId(5714dee825ac0d8aee54f312)","House music"
1929424,"ObjectId(5714dee925ac0d8aee5574c3)","Deep house"
1940860,"ObjectId(5714deea25ac0d8aee55a16f)","Progressive house"
1940874,"ObjectId(5714deea25ac0d8aee55a17d)","Progressive house"
1940898,"ObjectId(5714deea25ac0d8aee55a195)","Progressive house"
1943381,"ObjectId(5714deea25ac0d8aee55ab48)","Progressive house"
1947500,"ObjectId(5714deea25ac0d8aee55bb5f)","House music"
1948942,"ObjectId(5714deea25ac0d8aee55c101)","House music"
1954174,"ObjectId(5714deea25ac0d8aee55d571)","Progressive house"
1960266,"ObjectId(5714deea25ac0d8aee55ed3d)","House music"
1961580,"ObjectId(5714deea25ac0d8aee55f25f)","House music"
1961588,"ObjectId(5714deea25ac0d8aee55f267)","House music"
1961613,"ObjectId(5714deea25ac0d8aee55f280)","Deep house"
1961644,"ObjectId(5714deea25ac0d8aee55f29f)","Progressive house"
1965866,"ObjectId(5714deea25ac0d8aee56031d)","House music"
1992376,"ObjectId(5714deeb25ac0d8aee566aab)","House music"
1992431,"ObjectId(5714deeb25ac0d8aee566ae2)","House music"
1992470,"ObjectId(5714deeb25ac0d8aee566b09)","House music"
1992478,"ObjectId(5714deeb25ac0d8aee566b11)","House music"
1992529,"ObjectId(5714deeb25ac0d8aee566b44)","House music"
1992548,"ObjectId(5714deeb25ac0d8aee566b57)","House music"
1992559,"ObjectId(5714deeb25ac0d8aee566b62)","House music"
1992560,"ObjectId(5714deeb25ac0d8aee566b63)","House music"
1992582,"ObjectId(5714deeb25ac0d8aee566b79)","House music"
1992627,"ObjectId(5714deeb25ac0d8aee566ba6)","House music"
1992688,"ObjectId(5714deeb25ac0d8aee566be3)","House music"
1992721,"ObjectId(5714deeb25ac0d8aee566c04)","House music"
2006963,"ObjectId(5714deeb25ac0d8aee56a3a3)","House music"
2006974,"ObjectId(5714deeb25ac0d8aee56a3ae)","House music"
2006976,"ObjectId(5714deeb25ac0d8aee56a3b0)","House music"
2007001,"ObjectId(5714deeb25ac0d8aee56a3c9)","House music"
2007014,"ObjectId(5714deeb25ac0d8aee56a3d6)","House music"
2008644,"ObjectId(5714deeb25ac0d8aee56aa34)","House music"
2031962,"ObjectId(5714deeb25ac0d8aee57054a)","Deep house"
2031962,"ObjectId(5714deeb25ac0d8aee57054a)","Tropical house"
2035109,"ObjectId(5714deec25ac0d8aee571195)","House music"
2036241,"ObjectId(5714deec25ac0d8aee571601)","House music"
2037309,"ObjectId(5714deec25ac0d8aee571a2d)","House music"
2037319,"ObjectId(5714deec25ac0d8aee571a37)","House music"
2039632,"ObjectId(5714deec25ac0d8aee572340)","Deep house"
2040924,"ObjectId(5714deec25ac0d8aee57284c)","House music"
2049503,"ObjectId(5714deec25ac0d8aee5749cf)","House music"
2049550,"ObjectId(5714deec25ac0d8aee5749fe)","House music"
2049589,"ObjectId(5714deec25ac0d8aee574a25)","House music"
2055427,"ObjectId(5714deec25ac0d8aee5760f3)","House music"
2070881,"ObjectId(5714deec25ac0d8aee579d3f)","House music"
2070882,"ObjectId(5714deec25ac0d8aee579d40)","House music"
2070884,"ObjectId(5714deec25ac0d8aee579d42)","House music"
2078095,"ObjectId(5714deec25ac0d8aee57b96d)","House music"
2078135,"ObjectId(5714deec25ac0d8aee57b995)","Acid house"
2078434,"ObjectId(5714deec25ac0d8aee57bac0)","House music"
2078449,"ObjectId(5714deec25ac0d8aee57bacf)","House music"
2078798,"ObjectId(5714deec25ac0d8aee57bc2c)","House music"
2078815,"ObjectId(5714deec25ac0d8aee57bc3d)","House music"
2078833,"ObjectId(5714deec25ac0d8aee57bc4f)","House music"
2083617,"ObjectId(5714deec25ac0d8aee57ceff)","House music"
2083618,"ObjectId(5714deec25ac0d8aee57cf00)","House music"
2083620,"ObjectId(5714deec25ac0d8aee57cf02)","House music"
2083621,"ObjectId(5714deec25ac0d8aee57cf03)","House music"
2092331,"ObjectId(5714deed25ac0d8aee57f109)","Progressive house"
2092908,"ObjectId(5714deed25ac0d8aee57f34a)","House music"
